phase,generation,best_score,population_size,offspring_size,best_metrics,tokens_consumed,cumulative_tokens
Phase0,0,0.922,6,6,"{'metrics': {'overall_score': 0.922, 'error_detection': 0.85, 'educational_value': 0.94, 'format_compliance': 1.0, 'difficulty_adaptation': 1.0, 'error_samples': [{'input': 'def test():\n    print(""line1"")  # 4个空格\n\tprint(""line2"")  # 1个制表符', 'output': '1. 代码片段（标注错误位置）\n```python\ndef test():\n    print(""line1"")  # 4个空格\n\tprint(""line2"")  # 1个制表符  <-- 错误位置\n```\n\n2. 错误解释（说明错误原因和如何修正）\n这个错误是缩进不一致导致的IndentationError。Python对代码缩进有严格要求，同一代码块内的语句必须使用相同的缩进方式。\n\n这里有两个实验可以帮助你理解：\n\n实验1：将第二行的制表符改为4个空格，观察是否能正常运行\n实验2：将第一行的4个空格改为1个制表符，观察是否能正常运行\n\n正确的做法是保持函数内所有语句的缩进方式一致，推荐使用4个空格作为标准缩进。', 'expected': '缩进错误：混合使用空格和制表符', 'error_type': 'syntax', 'difficulty': 'intermediate', 'score': 0.79, 'reason': '错误识别中未明确指出是混合使用空格和制表符，仅笼统说明缩进不一致；教育引导性方面，实验设计虽好但未强调避免混合使用不同缩进符号的核心原则'}], 'stats': {'syntax_correct': 9, 'runtime_correct': 11, 'logical_correct': 10, 'conceptual_correct': 0, 'beginner_correct': 10, 'intermediate_correct': 11, 'advanced_correct': 9, 'format_correct': 30, 'educational_value_sum': 28.2, 'total': 30}}, 'perf_vector': [1, 1, 1, 1, 1, 1, 1, 1, 1, 1, 1, 1, 1, 1, 1, 1, 1, 1, 1, 1, 1, 1, 1, 1, 1, 1, 1, 1, 1, 1], 'fp_samples': [{'input': 'def test():\n    print(""line1"")  # 4个空格\n\tprint(""line2"")  # 1个制表符', 'output': '1. 代码片段（标注错误位置）\n```python\ndef test():\n    print(""line1"")  # 4个空格\n\tprint(""line2"")  # 1个制表符  <-- 错误位置\n```\n\n2. 错误解释（说明错误原因和如何修正）\n这个错误是缩进不一致导致的IndentationError。Python对代码缩进有严格要求，同一代码块内的语句必须使用相同的缩进方式。\n\n这里有两个实验可以帮助你理解：\n\n实验1：将第二行的制表符改为4个空格，观察是否能正常运行\n实验2：将第一行的4个空格改为1个制表符，观察是否能正常运行\n\n正确的做法是保持函数内所有语句的缩进方式一致，推荐使用4个空格作为标准缩进。', 'expected': '缩进错误：混合使用空格和制表符', 'error_type': 'syntax', 'difficulty': 'intermediate', 'score': 0.79, 'reason': '错误识别中未明确指出是混合使用空格和制表符，仅笼统说明缩进不一致；教育引导性方面，实验设计虽好但未强调避免混合使用不同缩进符号的核心原则'}], 'error_samples': [{'input': 'def test():\n    print(""line1"")  # 4个空格\n\tprint(""line2"")  # 1个制表符', 'output': '1. 代码片段（标注错误位置）\n```python\ndef test():\n    print(""line1"")  # 4个空格\n\tprint(""line2"")  # 1个制表符  <-- 错误位置\n```\n\n2. 错误解释（说明错误原因和如何修正）\n这个错误是缩进不一致导致的IndentationError。Python对代码缩进有严格要求，同一代码块内的语句必须使用相同的缩进方式。\n\n这里有两个实验可以帮助你理解：\n\n实验1：将第二行的制表符改为4个空格，观察是否能正常运行\n实验2：将第一行的4个空格改为1个制表符，观察是否能正常运行\n\n正确的做法是保持函数内所有语句的缩进方式一致，推荐使用4个空格作为标准缩进。', 'expected': '缩进错误：混合使用空格和制表符', 'error_type': 'syntax', 'difficulty': 'intermediate', 'score': 0.79, 'reason': '错误识别中未明确指出是混合使用空格和制表符，仅笼统说明缩进不一致；教育引导性方面，实验设计虽好但未强调避免混合使用不同缩进符号的核心原则'}]}",62640,82530
Phase0,1,0.922,6,6,"{'metrics': {'overall_score': 0.922, 'error_detection': 0.85, 'educational_value': 0.94, 'format_compliance': 1.0, 'difficulty_adaptation': 1.0, 'error_samples': [{'input': 'def test():\n    print(""line1"")  # 4个空格\n\tprint(""line2"")  # 1个制表符', 'output': '1. 代码片段（标注错误位置）\n```python\ndef test():\n    print(""line1"")  # 4个空格\n\tprint(""line2"")  # 1个制表符  <-- 错误位置\n```\n\n2. 错误解释（说明错误原因和如何修正）\n这个错误是缩进不一致导致的IndentationError。Python对代码缩进有严格要求，同一代码块内的语句必须使用相同的缩进方式。\n\n这里有两个实验可以帮助你理解：\n\n实验1：将第二行的制表符改为4个空格，观察是否能正常运行\n实验2：将第一行的4个空格改为1个制表符，观察是否能正常运行\n\n正确的做法是保持函数内所有语句的缩进方式一致，推荐使用4个空格作为标准缩进。', 'expected': '缩进错误：混合使用空格和制表符', 'error_type': 'syntax', 'difficulty': 'intermediate', 'score': 0.79, 'reason': '错误识别中未明确指出是混合使用空格和制表符，仅笼统说明缩进不一致；教育引导性方面，实验设计虽好但未强调避免混合使用不同缩进符号的核心原则'}], 'stats': {'syntax_correct': 9, 'runtime_correct': 11, 'logical_correct': 10, 'conceptual_correct': 0, 'beginner_correct': 10, 'intermediate_correct': 11, 'advanced_correct': 9, 'format_correct': 30, 'educational_value_sum': 28.2, 'total': 30}}, 'perf_vector': [1, 1, 1, 1, 1, 1, 1, 1, 1, 1, 1, 1, 1, 1, 1, 1, 1, 1, 1, 1, 1, 1, 1, 1, 1, 1, 1, 1, 1, 1], 'fp_samples': [{'input': 'def test():\n    print(""line1"")  # 4个空格\n\tprint(""line2"")  # 1个制表符', 'output': '1. 代码片段（标注错误位置）\n```python\ndef test():\n    print(""line1"")  # 4个空格\n\tprint(""line2"")  # 1个制表符  <-- 错误位置\n```\n\n2. 错误解释（说明错误原因和如何修正）\n这个错误是缩进不一致导致的IndentationError。Python对代码缩进有严格要求，同一代码块内的语句必须使用相同的缩进方式。\n\n这里有两个实验可以帮助你理解：\n\n实验1：将第二行的制表符改为4个空格，观察是否能正常运行\n实验2：将第一行的4个空格改为1个制表符，观察是否能正常运行\n\n正确的做法是保持函数内所有语句的缩进方式一致，推荐使用4个空格作为标准缩进。', 'expected': '缩进错误：混合使用空格和制表符', 'error_type': 'syntax', 'difficulty': 'intermediate', 'score': 0.79, 'reason': '错误识别中未明确指出是混合使用空格和制表符，仅笼统说明缩进不一致；教育引导性方面，实验设计虽好但未强调避免混合使用不同缩进符号的核心原则'}], 'error_samples': [{'input': 'def test():\n    print(""line1"")  # 4个空格\n\tprint(""line2"")  # 1个制表符', 'output': '1. 代码片段（标注错误位置）\n```python\ndef test():\n    print(""line1"")  # 4个空格\n\tprint(""line2"")  # 1个制表符  <-- 错误位置\n```\n\n2. 错误解释（说明错误原因和如何修正）\n这个错误是缩进不一致导致的IndentationError。Python对代码缩进有严格要求，同一代码块内的语句必须使用相同的缩进方式。\n\n这里有两个实验可以帮助你理解：\n\n实验1：将第二行的制表符改为4个空格，观察是否能正常运行\n实验2：将第一行的4个空格改为1个制表符，观察是否能正常运行\n\n正确的做法是保持函数内所有语句的缩进方式一致，推荐使用4个空格作为标准缩进。', 'expected': '缩进错误：混合使用空格和制表符', 'error_type': 'syntax', 'difficulty': 'intermediate', 'score': 0.79, 'reason': '错误识别中未明确指出是混合使用空格和制表符，仅笼统说明缩进不一致；教育引导性方面，实验设计虽好但未强调避免混合使用不同缩进符号的核心原则'}]}",152250,234780
Phase0,2,0.922,6,6,"{'metrics': {'overall_score': 0.922, 'error_detection': 0.85, 'educational_value': 0.94, 'format_compliance': 1.0, 'difficulty_adaptation': 1.0, 'error_samples': [{'input': 'def test():\n    print(""line1"")  # 4个空格\n\tprint(""line2"")  # 1个制表符', 'output': '1. 代码片段（标注错误位置）\n```python\ndef test():\n    print(""line1"")  # 4个空格\n\tprint(""line2"")  # 1个制表符  <-- 错误位置\n```\n\n2. 错误解释（说明错误原因和如何修正）\n这个错误是缩进不一致导致的IndentationError。Python对代码缩进有严格要求，同一代码块内的语句必须使用相同的缩进方式。\n\n这里有两个实验可以帮助你理解：\n\n实验1：将第二行的制表符改为4个空格，观察是否能正常运行\n实验2：将第一行的4个空格改为1个制表符，观察是否能正常运行\n\n正确的做法是保持函数内所有语句的缩进方式一致，推荐使用4个空格作为标准缩进。', 'expected': '缩进错误：混合使用空格和制表符', 'error_type': 'syntax', 'difficulty': 'intermediate', 'score': 0.79, 'reason': '错误识别中未明确指出是混合使用空格和制表符，仅笼统说明缩进不一致；教育引导性方面，实验设计虽好但未强调避免混合使用不同缩进符号的核心原则'}], 'stats': {'syntax_correct': 9, 'runtime_correct': 11, 'logical_correct': 10, 'conceptual_correct': 0, 'beginner_correct': 10, 'intermediate_correct': 11, 'advanced_correct': 9, 'format_correct': 30, 'educational_value_sum': 28.2, 'total': 30}}, 'perf_vector': [1, 1, 1, 1, 1, 1, 1, 1, 1, 1, 1, 1, 1, 1, 1, 1, 1, 1, 1, 1, 1, 1, 1, 1, 1, 1, 1, 1, 1, 1], 'fp_samples': [{'input': 'def test():\n    print(""line1"")  # 4个空格\n\tprint(""line2"")  # 1个制表符', 'output': '1. 代码片段（标注错误位置）\n```python\ndef test():\n    print(""line1"")  # 4个空格\n\tprint(""line2"")  # 1个制表符  <-- 错误位置\n```\n\n2. 错误解释（说明错误原因和如何修正）\n这个错误是缩进不一致导致的IndentationError。Python对代码缩进有严格要求，同一代码块内的语句必须使用相同的缩进方式。\n\n这里有两个实验可以帮助你理解：\n\n实验1：将第二行的制表符改为4个空格，观察是否能正常运行\n实验2：将第一行的4个空格改为1个制表符，观察是否能正常运行\n\n正确的做法是保持函数内所有语句的缩进方式一致，推荐使用4个空格作为标准缩进。', 'expected': '缩进错误：混合使用空格和制表符', 'error_type': 'syntax', 'difficulty': 'intermediate', 'score': 0.79, 'reason': '错误识别中未明确指出是混合使用空格和制表符，仅笼统说明缩进不一致；教育引导性方面，实验设计虽好但未强调避免混合使用不同缩进符号的核心原则'}], 'error_samples': [{'input': 'def test():\n    print(""line1"")  # 4个空格\n\tprint(""line2"")  # 1个制表符', 'output': '1. 代码片段（标注错误位置）\n```python\ndef test():\n    print(""line1"")  # 4个空格\n\tprint(""line2"")  # 1个制表符  <-- 错误位置\n```\n\n2. 错误解释（说明错误原因和如何修正）\n这个错误是缩进不一致导致的IndentationError。Python对代码缩进有严格要求，同一代码块内的语句必须使用相同的缩进方式。\n\n这里有两个实验可以帮助你理解：\n\n实验1：将第二行的制表符改为4个空格，观察是否能正常运行\n实验2：将第一行的4个空格改为1个制表符，观察是否能正常运行\n\n正确的做法是保持函数内所有语句的缩进方式一致，推荐使用4个空格作为标准缩进。', 'expected': '缩进错误：混合使用空格和制表符', 'error_type': 'syntax', 'difficulty': 'intermediate', 'score': 0.79, 'reason': '错误识别中未明确指出是混合使用空格和制表符，仅笼统说明缩进不一致；教育引导性方面，实验设计虽好但未强调避免混合使用不同缩进符号的核心原则'}]}",181350,416130
Phase1,0,0.908,6,6,"{'metrics': {'overall_score': 0.908, 'error_detection': 0.85, 'educational_value': 0.8933333333333334, 'format_compliance': 1.0, 'difficulty_adaptation': 1.0, 'error_samples': [{'input': 'def example():\nprint(""indentation error"")  # 缺少缩进', 'output': '1. 代码片段（标注错误位置）：\n```python\ndef example():\nprint(""indentation error"")  # 缺少缩进  <-- 错误位置：这行代码需要缩进\n```\n\n2. 错误解释：\n这是""缩进错误""(IndentationError)。在Python中，函数定义后需要用缩进来表示代码块范围，就像排队时要站在领队后面一样。\n\n修正方法：在print语句前添加4个空格（或1个Tab）的缩进：\n```python\ndef example():\n    print(""indentation error"")  # 添加缩进后正确\n```\n\n记忆口诀：""冒号后面要空格，代码块儿缩进它"" — 函数、条件、循环定义后接冒号，下一行代码必须缩进哦！', 'expected': '缩进错误：元类定义中缩进问题', 'error_type': 'syntax', 'difficulty': 'advanced', 'score': 0.79, 'reason': ""错误类型标注为'syntax'不够精确，应为'IndentationError'；难度等级标注为'advanced'不合理，缩进错误属于基础语法错误，难度应为初级；未提及元类定义相关内容，但学生代码实际是普通函数缩进问题，期望输出要点可能存在偏差""}, {'input': 'if condition  # 缺少冒号\n    do_something()', 'output': '1. 代码片段（标注错误位置）：\n```python\nif condition  # 缺少冒号 ❌\n    do_something()\n```\n\n2. 错误解释：\n这是一个语法错误，在Python中，if语句条件判断后必须添加冒号`:`作为代码块开始的标志。正确写法应该是：\n```python\nif condition:  # 添加冒号 ✅\n    do_something()\n```\n\n记忆口诀：""条件之后有冒号，代码排队要对齐""\n\n引导问题：你觉得为什么Python要强制要求在if后面加冒号呢？\n小提示：冒号就像""任务开始""的小旗帜，告诉Python接下来是一个代码块\n思考问题：如果忘记加冒号，Python解释器会显示什么错误信息呢？可以试试看哦~', 'expected': '冒号遗漏：模式匹配(case)中缺少冒号', 'error_type': 'syntax', 'difficulty': 'advanced', 'score': 0.79, 'reason': '助手回答中错误解释部分将冒号遗漏的场景限定为if语句，但期望输出要点指出是模式匹配(case)中缺少冒号，场景描述存在偏差'}], 'stats': {'syntax_correct': 9, 'runtime_correct': 11, 'logical_correct': 10, 'conceptual_correct': 0, 'beginner_correct': 10, 'intermediate_correct': 11, 'advanced_correct': 9, 'format_correct': 30, 'educational_value_sum': 26.800000000000004, 'total': 30}}, 'perf_vector': [1, 1, 1, 1, 1, 1, 1, 1, 1, 1, 1, 1, 1, 1, 1, 1, 1, 1, 1, 1, 1, 1, 1, 1, 1, 1, 1, 1, 1, 1], 'fp_samples': [{'input': 'def example():\nprint(""indentation error"")  # 缺少缩进', 'output': '1. 代码片段（标注错误位置）：\n```python\ndef example():\nprint(""indentation error"")  # 缺少缩进  <-- 错误位置：这行代码需要缩进\n```\n\n2. 错误解释：\n这是""缩进错误""(IndentationError)。在Python中，函数定义后需要用缩进来表示代码块范围，就像排队时要站在领队后面一样。\n\n修正方法：在print语句前添加4个空格（或1个Tab）的缩进：\n```python\ndef example():\n    print(""indentation error"")  # 添加缩进后正确\n```\n\n记忆口诀：""冒号后面要空格，代码块儿缩进它"" — 函数、条件、循环定义后接冒号，下一行代码必须缩进哦！', 'expected': '缩进错误：元类定义中缩进问题', 'error_type': 'syntax', 'difficulty': 'advanced', 'score': 0.79, 'reason': ""错误类型标注为'syntax'不够精确，应为'IndentationError'；难度等级标注为'advanced'不合理，缩进错误属于基础语法错误，难度应为初级；未提及元类定义相关内容，但学生代码实际是普通函数缩进问题，期望输出要点可能存在偏差""}, {'input': 'if condition  # 缺少冒号\n    do_something()', 'output': '1. 代码片段（标注错误位置）：\n```python\nif condition  # 缺少冒号 ❌\n    do_something()\n```\n\n2. 错误解释：\n这是一个语法错误，在Python中，if语句条件判断后必须添加冒号`:`作为代码块开始的标志。正确写法应该是：\n```python\nif condition:  # 添加冒号 ✅\n    do_something()\n```\n\n记忆口诀：""条件之后有冒号，代码排队要对齐""\n\n引导问题：你觉得为什么Python要强制要求在if后面加冒号呢？\n小提示：冒号就像""任务开始""的小旗帜，告诉Python接下来是一个代码块\n思考问题：如果忘记加冒号，Python解释器会显示什么错误信息呢？可以试试看哦~', 'expected': '冒号遗漏：模式匹配(case)中缺少冒号', 'error_type': 'syntax', 'difficulty': 'advanced', 'score': 0.79, 'reason': '助手回答中错误解释部分将冒号遗漏的场景限定为if语句，但期望输出要点指出是模式匹配(case)中缺少冒号，场景描述存在偏差'}], 'error_samples': [{'input': 'def example():\nprint(""indentation error"")  # 缺少缩进', 'output': '1. 代码片段（标注错误位置）：\n```python\ndef example():\nprint(""indentation error"")  # 缺少缩进  <-- 错误位置：这行代码需要缩进\n```\n\n2. 错误解释：\n这是""缩进错误""(IndentationError)。在Python中，函数定义后需要用缩进来表示代码块范围，就像排队时要站在领队后面一样。\n\n修正方法：在print语句前添加4个空格（或1个Tab）的缩进：\n```python\ndef example():\n    print(""indentation error"")  # 添加缩进后正确\n```\n\n记忆口诀：""冒号后面要空格，代码块儿缩进它"" — 函数、条件、循环定义后接冒号，下一行代码必须缩进哦！', 'expected': '缩进错误：元类定义中缩进问题', 'error_type': 'syntax', 'difficulty': 'advanced', 'score': 0.79, 'reason': ""错误类型标注为'syntax'不够精确，应为'IndentationError'；难度等级标注为'advanced'不合理，缩进错误属于基础语法错误，难度应为初级；未提及元类定义相关内容，但学生代码实际是普通函数缩进问题，期望输出要点可能存在偏差""}, {'input': 'if condition  # 缺少冒号\n    do_something()', 'output': '1. 代码片段（标注错误位置）：\n```python\nif condition  # 缺少冒号 ❌\n    do_something()\n```\n\n2. 错误解释：\n这是一个语法错误，在Python中，if语句条件判断后必须添加冒号`:`作为代码块开始的标志。正确写法应该是：\n```python\nif condition:  # 添加冒号 ✅\n    do_something()\n```\n\n记忆口诀：""条件之后有冒号，代码排队要对齐""\n\n引导问题：你觉得为什么Python要强制要求在if后面加冒号呢？\n小提示：冒号就像""任务开始""的小旗帜，告诉Python接下来是一个代码块\n思考问题：如果忘记加冒号，Python解释器会显示什么错误信息呢？可以试试看哦~', 'expected': '冒号遗漏：模式匹配(case)中缺少冒号', 'error_type': 'syntax', 'difficulty': 'advanced', 'score': 0.79, 'reason': '助手回答中错误解释部分将冒号遗漏的场景限定为if语句，但期望输出要点指出是模式匹配(case)中缺少冒号，场景描述存在偏差'}]}",0,416130
Phase1,1,0.9070000000000001,6,6,"{'metrics': {'overall_score': 0.9070000000000001, 'error_detection': 0.85, 'educational_value': 0.8900000000000002, 'format_compliance': 1.0, 'difficulty_adaptation': 1.0, 'error_samples': [{'input': 'x = [1, 2, 3]\ny = [1, 2, 3]\nif x is y:  # False，应该用 ==\n    print(""Same"")', 'output': '1. 代码片段（标注错误位置）\n```python\nx = [1, 2, 3]\ny = [1, 2, 3]\nif x is y:  # ❌ 错误位置：此处使用了is运算符\n    print(""Same"")\n```\n\n2. 错误解释（说明错误原因和如何修正）\n错误原因：在Python中，`is`运算符检查两个变量是否引用**同一个对象**（内存地址相同），而`==`运算符检查两个对象的**值是否相等**。虽然x和y的值相同，但它们是两个独立的列表对象，内存地址不同。\n\n修正方法：将`is`改为`==`，即：\n```python\nif x == y:  # ✅ 正确使用==比较值相等\n    print(""Same"")\n```\n\n💡 记忆口诀：""is查身份，==比内容""，比较值相等时用`==`，检查是否为同一个对象时才用`is`。', 'expected': '类型比较错误：nan', 'error_type': 'logical', 'difficulty': 'advanced', 'score': 0.79, 'reason': '未提及nan相关的类型比较错误，与期望输出要点不符'}, {'input': 'def example():\nprint(""indentation error"")  # 缺少缩进', 'output': '1. 代码片段（标注错误位置）：\n```python\ndef example():\nprint(""indentation error"")  # 缺少缩进\n^-- 错误位置：此处缺少缩进\n```\n\n2. 错误解释：这是""缩进错误""(IndentationError)。在Python中，函数定义后的代码块需要缩进（通常是4个空格）来表示属于该函数。就像写文章时，段落开头需要空两格一样，Python用缩进来区分代码的层级关系。\n\n**修正方法**：在print语句前添加4个空格的缩进：\n```python\ndef example():\n    print(""indentation error"")  # 添加了4个空格的缩进\n```\n\n**规则口诀**：冒号后面要换行，代码块儿缩进4空格，层级关系要分明，Python靠它辨亲疏。', 'expected': '缩进错误：元类定义中缩进问题', 'error_type': 'syntax', 'difficulty': 'advanced', 'score': 0.79, 'reason': ""错误类型识别为缩进错误正确，但期望输出要点中提到的'元类定义中缩进问题'与实际代码不符，实际代码是普通函数定义的缩进错误，助手回答未涉及元类相关内容，可能是对期望要点的误解""}], 'stats': {'syntax_correct': 9, 'runtime_correct': 11, 'logical_correct': 10, 'conceptual_correct': 0, 'beginner_correct': 10, 'intermediate_correct': 11, 'advanced_correct': 9, 'format_correct': 30, 'educational_value_sum': 26.700000000000006, 'total': 30}}, 'perf_vector': [1, 1, 1, 1, 1, 1, 1, 1, 1, 1, 1, 1, 1, 1, 1, 1, 1, 1, 1, 1, 1, 1, 1, 1, 1, 1, 1, 1, 1, 1], 'fp_samples': [{'input': 'x = [1, 2, 3]\ny = [1, 2, 3]\nif x is y:  # False，应该用 ==\n    print(""Same"")', 'output': '1. 代码片段（标注错误位置）\n```python\nx = [1, 2, 3]\ny = [1, 2, 3]\nif x is y:  # ❌ 错误位置：此处使用了is运算符\n    print(""Same"")\n```\n\n2. 错误解释（说明错误原因和如何修正）\n错误原因：在Python中，`is`运算符检查两个变量是否引用**同一个对象**（内存地址相同），而`==`运算符检查两个对象的**值是否相等**。虽然x和y的值相同，但它们是两个独立的列表对象，内存地址不同。\n\n修正方法：将`is`改为`==`，即：\n```python\nif x == y:  # ✅ 正确使用==比较值相等\n    print(""Same"")\n```\n\n💡 记忆口诀：""is查身份，==比内容""，比较值相等时用`==`，检查是否为同一个对象时才用`is`。', 'expected': '类型比较错误：nan', 'error_type': 'logical', 'difficulty': 'advanced', 'score': 0.79, 'reason': '未提及nan相关的类型比较错误，与期望输出要点不符'}, {'input': 'def example():\nprint(""indentation error"")  # 缺少缩进', 'output': '1. 代码片段（标注错误位置）：\n```python\ndef example():\nprint(""indentation error"")  # 缺少缩进\n^-- 错误位置：此处缺少缩进\n```\n\n2. 错误解释：这是""缩进错误""(IndentationError)。在Python中，函数定义后的代码块需要缩进（通常是4个空格）来表示属于该函数。就像写文章时，段落开头需要空两格一样，Python用缩进来区分代码的层级关系。\n\n**修正方法**：在print语句前添加4个空格的缩进：\n```python\ndef example():\n    print(""indentation error"")  # 添加了4个空格的缩进\n```\n\n**规则口诀**：冒号后面要换行，代码块儿缩进4空格，层级关系要分明，Python靠它辨亲疏。', 'expected': '缩进错误：元类定义中缩进问题', 'error_type': 'syntax', 'difficulty': 'advanced', 'score': 0.79, 'reason': ""错误类型识别为缩进错误正确，但期望输出要点中提到的'元类定义中缩进问题'与实际代码不符，实际代码是普通函数定义的缩进错误，助手回答未涉及元类相关内容，可能是对期望要点的误解""}], 'error_samples': [{'input': 'x = [1, 2, 3]\ny = [1, 2, 3]\nif x is y:  # False，应该用 ==\n    print(""Same"")', 'output': '1. 代码片段（标注错误位置）\n```python\nx = [1, 2, 3]\ny = [1, 2, 3]\nif x is y:  # ❌ 错误位置：此处使用了is运算符\n    print(""Same"")\n```\n\n2. 错误解释（说明错误原因和如何修正）\n错误原因：在Python中，`is`运算符检查两个变量是否引用**同一个对象**（内存地址相同），而`==`运算符检查两个对象的**值是否相等**。虽然x和y的值相同，但它们是两个独立的列表对象，内存地址不同。\n\n修正方法：将`is`改为`==`，即：\n```python\nif x == y:  # ✅ 正确使用==比较值相等\n    print(""Same"")\n```\n\n💡 记忆口诀：""is查身份，==比内容""，比较值相等时用`==`，检查是否为同一个对象时才用`is`。', 'expected': '类型比较错误：nan', 'error_type': 'logical', 'difficulty': 'advanced', 'score': 0.79, 'reason': '未提及nan相关的类型比较错误，与期望输出要点不符'}, {'input': 'def example():\nprint(""indentation error"")  # 缺少缩进', 'output': '1. 代码片段（标注错误位置）：\n```python\ndef example():\nprint(""indentation error"")  # 缺少缩进\n^-- 错误位置：此处缺少缩进\n```\n\n2. 错误解释：这是""缩进错误""(IndentationError)。在Python中，函数定义后的代码块需要缩进（通常是4个空格）来表示属于该函数。就像写文章时，段落开头需要空两格一样，Python用缩进来区分代码的层级关系。\n\n**修正方法**：在print语句前添加4个空格的缩进：\n```python\ndef example():\n    print(""indentation error"")  # 添加了4个空格的缩进\n```\n\n**规则口诀**：冒号后面要换行，代码块儿缩进4空格，层级关系要分明，Python靠它辨亲疏。', 'expected': '缩进错误：元类定义中缩进问题', 'error_type': 'syntax', 'difficulty': 'advanced', 'score': 0.79, 'reason': ""错误类型识别为缩进错误正确，但期望输出要点中提到的'元类定义中缩进问题'与实际代码不符，实际代码是普通函数定义的缩进错误，助手回答未涉及元类相关内容，可能是对期望要点的误解""}]}",0,416130
Phase2.1,0,0.9070000000000001,6,6,"{'metrics': {'overall_score': 0.9070000000000001, 'error_detection': 0.85, 'educational_value': 0.8900000000000002, 'format_compliance': 1.0, 'difficulty_adaptation': 1.0, 'error_samples': [{'input': 'x = [1, 2, 3]\ny = [1, 2, 3]\nif x is y:  # False，应该用 ==\n    print(""Same"")', 'output': '1. 代码片段（标注错误位置）\n```python\nx = [1, 2, 3]\ny = [1, 2, 3]\nif x is y:  # ❌ 错误位置：此处使用了is运算符\n    print(""Same"")\n```\n\n2. 错误解释（说明错误原因和如何修正）\n错误原因：在Python中，`is`运算符检查两个变量是否引用**同一个对象**（内存地址相同），而`==`运算符检查两个对象的**值是否相等**。虽然x和y的值相同，但它们是两个独立的列表对象，内存地址不同。\n\n修正方法：将`is`改为`==`，即：\n```python\nif x == y:  # ✅ 正确使用==比较值相等\n    print(""Same"")\n```\n\n💡 记忆口诀：""is查身份，==比内容""，比较值相等时用`==`，检查是否为同一个对象时才用`is`。', 'expected': '类型比较错误：nan', 'error_type': 'logical', 'difficulty': 'advanced', 'score': 0.79, 'reason': '未提及nan相关的类型比较错误，与期望输出要点不符'}, {'input': 'def example():\nprint(""indentation error"")  # 缺少缩进', 'output': '1. 代码片段（标注错误位置）：\n```python\ndef example():\nprint(""indentation error"")  # 缺少缩进\n^-- 错误位置：此处缺少缩进\n```\n\n2. 错误解释：这是""缩进错误""(IndentationError)。在Python中，函数定义后的代码块需要缩进（通常是4个空格）来表示属于该函数。就像写文章时，段落开头需要空两格一样，Python用缩进来区分代码的层级关系。\n\n**修正方法**：在print语句前添加4个空格的缩进：\n```python\ndef example():\n    print(""indentation error"")  # 添加了4个空格的缩进\n```\n\n**规则口诀**：冒号后面要换行，代码块儿缩进4空格，层级关系要分明，Python靠它辨亲疏。', 'expected': '缩进错误：元类定义中缩进问题', 'error_type': 'syntax', 'difficulty': 'advanced', 'score': 0.79, 'reason': ""错误类型识别为缩进错误正确，但期望输出要点中提到的'元类定义中缩进问题'与实际代码不符，实际代码是普通函数定义的缩进错误，助手回答未涉及元类相关内容，可能是对期望要点的误解""}], 'stats': {'syntax_correct': 9, 'runtime_correct': 11, 'logical_correct': 10, 'conceptual_correct': 0, 'beginner_correct': 10, 'intermediate_correct': 11, 'advanced_correct': 9, 'format_correct': 30, 'educational_value_sum': 26.700000000000006, 'total': 30}}, 'perf_vector': [1, 1, 1, 1, 1, 1, 1, 1, 1, 1, 1, 1, 1, 1, 1, 1, 1, 1, 1, 1, 1, 1, 1, 1, 1, 1, 1, 1, 1, 1], 'fp_samples': [{'input': 'x = [1, 2, 3]\ny = [1, 2, 3]\nif x is y:  # False，应该用 ==\n    print(""Same"")', 'output': '1. 代码片段（标注错误位置）\n```python\nx = [1, 2, 3]\ny = [1, 2, 3]\nif x is y:  # ❌ 错误位置：此处使用了is运算符\n    print(""Same"")\n```\n\n2. 错误解释（说明错误原因和如何修正）\n错误原因：在Python中，`is`运算符检查两个变量是否引用**同一个对象**（内存地址相同），而`==`运算符检查两个对象的**值是否相等**。虽然x和y的值相同，但它们是两个独立的列表对象，内存地址不同。\n\n修正方法：将`is`改为`==`，即：\n```python\nif x == y:  # ✅ 正确使用==比较值相等\n    print(""Same"")\n```\n\n💡 记忆口诀：""is查身份，==比内容""，比较值相等时用`==`，检查是否为同一个对象时才用`is`。', 'expected': '类型比较错误：nan', 'error_type': 'logical', 'difficulty': 'advanced', 'score': 0.79, 'reason': '未提及nan相关的类型比较错误，与期望输出要点不符'}, {'input': 'def example():\nprint(""indentation error"")  # 缺少缩进', 'output': '1. 代码片段（标注错误位置）：\n```python\ndef example():\nprint(""indentation error"")  # 缺少缩进\n^-- 错误位置：此处缺少缩进\n```\n\n2. 错误解释：这是""缩进错误""(IndentationError)。在Python中，函数定义后的代码块需要缩进（通常是4个空格）来表示属于该函数。就像写文章时，段落开头需要空两格一样，Python用缩进来区分代码的层级关系。\n\n**修正方法**：在print语句前添加4个空格的缩进：\n```python\ndef example():\n    print(""indentation error"")  # 添加了4个空格的缩进\n```\n\n**规则口诀**：冒号后面要换行，代码块儿缩进4空格，层级关系要分明，Python靠它辨亲疏。', 'expected': '缩进错误：元类定义中缩进问题', 'error_type': 'syntax', 'difficulty': 'advanced', 'score': 0.79, 'reason': ""错误类型识别为缩进错误正确，但期望输出要点中提到的'元类定义中缩进问题'与实际代码不符，实际代码是普通函数定义的缩进错误，助手回答未涉及元类相关内容，可能是对期望要点的误解""}], 'error_samples': [{'input': 'x = [1, 2, 3]\ny = [1, 2, 3]\nif x is y:  # False，应该用 ==\n    print(""Same"")', 'output': '1. 代码片段（标注错误位置）\n```python\nx = [1, 2, 3]\ny = [1, 2, 3]\nif x is y:  # ❌ 错误位置：此处使用了is运算符\n    print(""Same"")\n```\n\n2. 错误解释（说明错误原因和如何修正）\n错误原因：在Python中，`is`运算符检查两个变量是否引用**同一个对象**（内存地址相同），而`==`运算符检查两个对象的**值是否相等**。虽然x和y的值相同，但它们是两个独立的列表对象，内存地址不同。\n\n修正方法：将`is`改为`==`，即：\n```python\nif x == y:  # ✅ 正确使用==比较值相等\n    print(""Same"")\n```\n\n💡 记忆口诀：""is查身份，==比内容""，比较值相等时用`==`，检查是否为同一个对象时才用`is`。', 'expected': '类型比较错误：nan', 'error_type': 'logical', 'difficulty': 'advanced', 'score': 0.79, 'reason': '未提及nan相关的类型比较错误，与期望输出要点不符'}, {'input': 'def example():\nprint(""indentation error"")  # 缺少缩进', 'output': '1. 代码片段（标注错误位置）：\n```python\ndef example():\nprint(""indentation error"")  # 缺少缩进\n^-- 错误位置：此处缺少缩进\n```\n\n2. 错误解释：这是""缩进错误""(IndentationError)。在Python中，函数定义后的代码块需要缩进（通常是4个空格）来表示属于该函数。就像写文章时，段落开头需要空两格一样，Python用缩进来区分代码的层级关系。\n\n**修正方法**：在print语句前添加4个空格的缩进：\n```python\ndef example():\n    print(""indentation error"")  # 添加了4个空格的缩进\n```\n\n**规则口诀**：冒号后面要换行，代码块儿缩进4空格，层级关系要分明，Python靠它辨亲疏。', 'expected': '缩进错误：元类定义中缩进问题', 'error_type': 'syntax', 'difficulty': 'advanced', 'score': 0.79, 'reason': ""错误类型识别为缩进错误正确，但期望输出要点中提到的'元类定义中缩进问题'与实际代码不符，实际代码是普通函数定义的缩进错误，助手回答未涉及元类相关内容，可能是对期望要点的误解""}]}",0,416130
Phase2.1,1,0.0,6,6,{},0,416130
Phase2.2,0,0.908,6,6,"{'metrics': {'overall_score': 0.908, 'error_detection': 0.85, 'educational_value': 0.8933333333333334, 'format_compliance': 1.0, 'difficulty_adaptation': 1.0, 'error_samples': [{'input': 'def example():\nprint(""indentation error"")  # 缺少缩进', 'output': '1. 代码片段（标注错误位置）：\n```python\ndef example():\nprint(""indentation error"")  # 缺少缩进  <-- 错误位置：这行代码需要缩进\n```\n\n2. 错误解释：\n这是""缩进错误""(IndentationError)。在Python中，函数定义后需要用缩进来表示代码块范围，就像排队时要站在领队后面一样。\n\n修正方法：在print语句前添加4个空格（或1个Tab）的缩进：\n```python\ndef example():\n    print(""indentation error"")  # 添加缩进后正确\n```\n\n记忆口诀：""冒号后面要空格，代码块儿缩进它"" — 函数、条件、循环定义后接冒号，下一行代码必须缩进哦！', 'expected': '缩进错误：元类定义中缩进问题', 'error_type': 'syntax', 'difficulty': 'advanced', 'score': 0.79, 'reason': ""错误类型标注为'syntax'不够精确，应为'IndentationError'；难度等级标注为'advanced'不合理，缩进错误属于基础语法错误，难度应为初级；未提及元类定义相关内容，但学生代码实际是普通函数缩进问题，期望输出要点可能存在偏差""}, {'input': 'if condition  # 缺少冒号\n    do_something()', 'output': '1. 代码片段（标注错误位置）：\n```python\nif condition  # 缺少冒号 ❌\n    do_something()\n```\n\n2. 错误解释：\n这是一个语法错误，在Python中，if语句条件判断后必须添加冒号`:`作为代码块开始的标志。正确写法应该是：\n```python\nif condition:  # 添加冒号 ✅\n    do_something()\n```\n\n记忆口诀：""条件之后有冒号，代码排队要对齐""\n\n引导问题：你觉得为什么Python要强制要求在if后面加冒号呢？\n小提示：冒号就像""任务开始""的小旗帜，告诉Python接下来是一个代码块\n思考问题：如果忘记加冒号，Python解释器会显示什么错误信息呢？可以试试看哦~', 'expected': '冒号遗漏：模式匹配(case)中缺少冒号', 'error_type': 'syntax', 'difficulty': 'advanced', 'score': 0.79, 'reason': '助手回答中错误解释部分将冒号遗漏的场景限定为if语句，但期望输出要点指出是模式匹配(case)中缺少冒号，场景描述存在偏差'}], 'stats': {'syntax_correct': 9, 'runtime_correct': 11, 'logical_correct': 10, 'conceptual_correct': 0, 'beginner_correct': 10, 'intermediate_correct': 11, 'advanced_correct': 9, 'format_correct': 30, 'educational_value_sum': 26.800000000000004, 'total': 30}}, 'perf_vector': [1, 1, 1, 1, 1, 1, 1, 1, 1, 1, 1, 1, 1, 1, 1, 1, 1, 1, 1, 1, 1, 1, 1, 1, 1, 1, 1, 1, 1, 1], 'fp_samples': [{'input': 'def example():\nprint(""indentation error"")  # 缺少缩进', 'output': '1. 代码片段（标注错误位置）：\n```python\ndef example():\nprint(""indentation error"")  # 缺少缩进  <-- 错误位置：这行代码需要缩进\n```\n\n2. 错误解释：\n这是""缩进错误""(IndentationError)。在Python中，函数定义后需要用缩进来表示代码块范围，就像排队时要站在领队后面一样。\n\n修正方法：在print语句前添加4个空格（或1个Tab）的缩进：\n```python\ndef example():\n    print(""indentation error"")  # 添加缩进后正确\n```\n\n记忆口诀：""冒号后面要空格，代码块儿缩进它"" — 函数、条件、循环定义后接冒号，下一行代码必须缩进哦！', 'expected': '缩进错误：元类定义中缩进问题', 'error_type': 'syntax', 'difficulty': 'advanced', 'score': 0.79, 'reason': ""错误类型标注为'syntax'不够精确，应为'IndentationError'；难度等级标注为'advanced'不合理，缩进错误属于基础语法错误，难度应为初级；未提及元类定义相关内容，但学生代码实际是普通函数缩进问题，期望输出要点可能存在偏差""}, {'input': 'if condition  # 缺少冒号\n    do_something()', 'output': '1. 代码片段（标注错误位置）：\n```python\nif condition  # 缺少冒号 ❌\n    do_something()\n```\n\n2. 错误解释：\n这是一个语法错误，在Python中，if语句条件判断后必须添加冒号`:`作为代码块开始的标志。正确写法应该是：\n```python\nif condition:  # 添加冒号 ✅\n    do_something()\n```\n\n记忆口诀：""条件之后有冒号，代码排队要对齐""\n\n引导问题：你觉得为什么Python要强制要求在if后面加冒号呢？\n小提示：冒号就像""任务开始""的小旗帜，告诉Python接下来是一个代码块\n思考问题：如果忘记加冒号，Python解释器会显示什么错误信息呢？可以试试看哦~', 'expected': '冒号遗漏：模式匹配(case)中缺少冒号', 'error_type': 'syntax', 'difficulty': 'advanced', 'score': 0.79, 'reason': '助手回答中错误解释部分将冒号遗漏的场景限定为if语句，但期望输出要点指出是模式匹配(case)中缺少冒号，场景描述存在偏差'}], 'error_samples': [{'input': 'def example():\nprint(""indentation error"")  # 缺少缩进', 'output': '1. 代码片段（标注错误位置）：\n```python\ndef example():\nprint(""indentation error"")  # 缺少缩进  <-- 错误位置：这行代码需要缩进\n```\n\n2. 错误解释：\n这是""缩进错误""(IndentationError)。在Python中，函数定义后需要用缩进来表示代码块范围，就像排队时要站在领队后面一样。\n\n修正方法：在print语句前添加4个空格（或1个Tab）的缩进：\n```python\ndef example():\n    print(""indentation error"")  # 添加缩进后正确\n```\n\n记忆口诀：""冒号后面要空格，代码块儿缩进它"" — 函数、条件、循环定义后接冒号，下一行代码必须缩进哦！', 'expected': '缩进错误：元类定义中缩进问题', 'error_type': 'syntax', 'difficulty': 'advanced', 'score': 0.79, 'reason': ""错误类型标注为'syntax'不够精确，应为'IndentationError'；难度等级标注为'advanced'不合理，缩进错误属于基础语法错误，难度应为初级；未提及元类定义相关内容，但学生代码实际是普通函数缩进问题，期望输出要点可能存在偏差""}, {'input': 'if condition  # 缺少冒号\n    do_something()', 'output': '1. 代码片段（标注错误位置）：\n```python\nif condition  # 缺少冒号 ❌\n    do_something()\n```\n\n2. 错误解释：\n这是一个语法错误，在Python中，if语句条件判断后必须添加冒号`:`作为代码块开始的标志。正确写法应该是：\n```python\nif condition:  # 添加冒号 ✅\n    do_something()\n```\n\n记忆口诀：""条件之后有冒号，代码排队要对齐""\n\n引导问题：你觉得为什么Python要强制要求在if后面加冒号呢？\n小提示：冒号就像""任务开始""的小旗帜，告诉Python接下来是一个代码块\n思考问题：如果忘记加冒号，Python解释器会显示什么错误信息呢？可以试试看哦~', 'expected': '冒号遗漏：模式匹配(case)中缺少冒号', 'error_type': 'syntax', 'difficulty': 'advanced', 'score': 0.79, 'reason': '助手回答中错误解释部分将冒号遗漏的场景限定为if语句，但期望输出要点指出是模式匹配(case)中缺少冒号，场景描述存在偏差'}]}",122206,538336
Phase2.2,1,0.9189999999999999,6,6,"{'metrics': {'overall_score': 0.9189999999999999, 'error_detection': 0.85, 'educational_value': 0.93, 'format_compliance': 1.0, 'difficulty_adaptation': 1.0, 'error_samples': [{'input': 'def example():\nprint(""indentation error"")  # 缺少缩进', 'output': '1. 代码片段（标注错误位置）：\n```python\ndef example():\n→print(""indentation error"")  # 缺少缩进\n```\n\n2. 错误解释：\n这是典型的缩进错误。在Python中，函数定义后的代码块必须缩进（通常为4个空格），以表示代码层次结构。\n\n修正方法：在print语句前添加4个空格的缩进：\n```python\ndef example():\n    print(""indentation error"")  # 已添加正确缩进\n```\n\n规则口诀：""冒号后换行，层级对齐要分明，函数/条件/循环体，缩进一致是规矩""\n\n思考问题：如果函数体中有多行代码，它们的缩进应该保持怎样的关系？（提示：同一代码块中的所有行应保持相同缩进量）', 'expected': '缩进错误：元类定义中缩进问题', 'error_type': 'syntax', 'difficulty': 'advanced', 'score': 0.79, 'reason': '错误解释中未提及“元类定义”相关内容，与期望输出要点中的“缩进错误：元类定义中缩进问题”不匹配'}], 'stats': {'syntax_correct': 9, 'runtime_correct': 11, 'logical_correct': 10, 'conceptual_correct': 0, 'beginner_correct': 10, 'intermediate_correct': 11, 'advanced_correct': 9, 'format_correct': 30, 'educational_value_sum': 27.900000000000002, 'total': 30}}, 'perf_vector': [1, 1, 1, 1, 1, 1, 1, 1, 1, 1, 1, 1, 1, 1, 1, 1, 1, 1, 1, 1, 1, 1, 1, 1, 1, 1, 1, 1, 1, 1], 'fp_samples': [{'input': 'def example():\nprint(""indentation error"")  # 缺少缩进', 'output': '1. 代码片段（标注错误位置）：\n```python\ndef example():\n→print(""indentation error"")  # 缺少缩进\n```\n\n2. 错误解释：\n这是典型的缩进错误。在Python中，函数定义后的代码块必须缩进（通常为4个空格），以表示代码层次结构。\n\n修正方法：在print语句前添加4个空格的缩进：\n```python\ndef example():\n    print(""indentation error"")  # 已添加正确缩进\n```\n\n规则口诀：""冒号后换行，层级对齐要分明，函数/条件/循环体，缩进一致是规矩""\n\n思考问题：如果函数体中有多行代码，它们的缩进应该保持怎样的关系？（提示：同一代码块中的所有行应保持相同缩进量）', 'expected': '缩进错误：元类定义中缩进问题', 'error_type': 'syntax', 'difficulty': 'advanced', 'score': 0.79, 'reason': '错误解释中未提及“元类定义”相关内容，与期望输出要点中的“缩进错误：元类定义中缩进问题”不匹配'}], 'error_samples': [{'input': 'def example():\nprint(""indentation error"")  # 缺少缩进', 'output': '1. 代码片段（标注错误位置）：\n```python\ndef example():\n→print(""indentation error"")  # 缺少缩进\n```\n\n2. 错误解释：\n这是典型的缩进错误。在Python中，函数定义后的代码块必须缩进（通常为4个空格），以表示代码层次结构。\n\n修正方法：在print语句前添加4个空格的缩进：\n```python\ndef example():\n    print(""indentation error"")  # 已添加正确缩进\n```\n\n规则口诀：""冒号后换行，层级对齐要分明，函数/条件/循环体，缩进一致是规矩""\n\n思考问题：如果函数体中有多行代码，它们的缩进应该保持怎样的关系？（提示：同一代码块中的所有行应保持相同缩进量）', 'expected': '缩进错误：元类定义中缩进问题', 'error_type': 'syntax', 'difficulty': 'advanced', 'score': 0.79, 'reason': '错误解释中未提及“元类定义”相关内容，与期望输出要点中的“缩进错误：元类定义中缩进问题”不匹配'}]}",76618,614954
Phase3,0,0.9189999999999999,6,6,"{'metrics': {'overall_score': 0.9189999999999999, 'error_detection': 0.85, 'educational_value': 0.93, 'format_compliance': 1.0, 'difficulty_adaptation': 1.0, 'error_samples': [{'input': 'def example():\nprint(""indentation error"")  # 缺少缩进', 'output': '1. 代码片段（标注错误位置）：\n```python\ndef example():\n→print(""indentation error"")  # 缺少缩进\n```\n\n2. 错误解释：\n这是典型的缩进错误。在Python中，函数定义后的代码块必须缩进（通常为4个空格），以表示代码层次结构。\n\n修正方法：在print语句前添加4个空格的缩进：\n```python\ndef example():\n    print(""indentation error"")  # 已添加正确缩进\n```\n\n规则口诀：""冒号后换行，层级对齐要分明，函数/条件/循环体，缩进一致是规矩""\n\n思考问题：如果函数体中有多行代码，它们的缩进应该保持怎样的关系？（提示：同一代码块中的所有行应保持相同缩进量）', 'expected': '缩进错误：元类定义中缩进问题', 'error_type': 'syntax', 'difficulty': 'advanced', 'score': 0.79, 'reason': '错误解释中未提及“元类定义”相关内容，与期望输出要点中的“缩进错误：元类定义中缩进问题”不匹配'}], 'stats': {'syntax_correct': 9, 'runtime_correct': 11, 'logical_correct': 10, 'conceptual_correct': 0, 'beginner_correct': 10, 'intermediate_correct': 11, 'advanced_correct': 9, 'format_correct': 30, 'educational_value_sum': 27.900000000000002, 'total': 30}}, 'perf_vector': [1, 1, 1, 1, 1, 1, 1, 1, 1, 1, 1, 1, 1, 1, 1, 1, 1, 1, 1, 1, 1, 1, 1, 1, 1, 1, 1, 1, 1, 1], 'fp_samples': [{'input': 'def example():\nprint(""indentation error"")  # 缺少缩进', 'output': '1. 代码片段（标注错误位置）：\n```python\ndef example():\n→print(""indentation error"")  # 缺少缩进\n```\n\n2. 错误解释：\n这是典型的缩进错误。在Python中，函数定义后的代码块必须缩进（通常为4个空格），以表示代码层次结构。\n\n修正方法：在print语句前添加4个空格的缩进：\n```python\ndef example():\n    print(""indentation error"")  # 已添加正确缩进\n```\n\n规则口诀：""冒号后换行，层级对齐要分明，函数/条件/循环体，缩进一致是规矩""\n\n思考问题：如果函数体中有多行代码，它们的缩进应该保持怎样的关系？（提示：同一代码块中的所有行应保持相同缩进量）', 'expected': '缩进错误：元类定义中缩进问题', 'error_type': 'syntax', 'difficulty': 'advanced', 'score': 0.79, 'reason': '错误解释中未提及“元类定义”相关内容，与期望输出要点中的“缩进错误：元类定义中缩进问题”不匹配'}], 'error_samples': [{'input': 'def example():\nprint(""indentation error"")  # 缺少缩进', 'output': '1. 代码片段（标注错误位置）：\n```python\ndef example():\n→print(""indentation error"")  # 缺少缩进\n```\n\n2. 错误解释：\n这是典型的缩进错误。在Python中，函数定义后的代码块必须缩进（通常为4个空格），以表示代码层次结构。\n\n修正方法：在print语句前添加4个空格的缩进：\n```python\ndef example():\n    print(""indentation error"")  # 已添加正确缩进\n```\n\n规则口诀：""冒号后换行，层级对齐要分明，函数/条件/循环体，缩进一致是规矩""\n\n思考问题：如果函数体中有多行代码，它们的缩进应该保持怎样的关系？（提示：同一代码块中的所有行应保持相同缩进量）', 'expected': '缩进错误：元类定义中缩进问题', 'error_type': 'syntax', 'difficulty': 'advanced', 'score': 0.79, 'reason': '错误解释中未提及“元类定义”相关内容，与期望输出要点中的“缩进错误：元类定义中缩进问题”不匹配'}]}",0,614954
